active,passive,verb,bad,exclude
The teacher noticed the mistake.,The mistake was noticed by the teacher.,notice,,
The cat noticed a movement.,The movement was noticed by the cat.,notice,,
The crowd noticed the parade.,The parade was noticed by the crowd.,notice,,
The doctor noticed a change.,The change was noticed by the doctor.,notice,,
The artist noticed the detail.,The detail was noticed by the artist.,notice,,
The child noticed the butterfly.,The butterfly was noticed by the child.,notice,,
The librarian noticed the late book.,The late book was noticed by the librarian.,notice,,
The coach noticed the improvement.,The improvement was noticed by the coach.,notice,,
The friend noticed the sadness.,The sadness was noticed by the friend.,notice,,
The photographer noticed the lighting.,The lighting was noticed by the photographer.,notice,,
The woman dated a photographer.  ,The photographer was dated by the woman.,date,,
The student dated a classmate.  ,The classmate was dated by the student.,date,,
The artist dated a musician.  ,The musician was dated by the artist.,date,,
The professor dated a graduate.  ,The graduate was dated by the professor.,date,,
The lawyer dated a judge.  ,The judge was dated by the lawyer.,date,,
The scientist dated a researcher.  ,The researcher was dated by the scientist.,date,,
The teacher dated an author.  ,The author was dated by the teacher.,date,,
The director dated an actress.  ,The actress was dated by the director.,date,,
The engineer dated a designer.  ,The designer was dated by the engineer.,date,,
The rabbit munched the carrot.  ,The carrot was munched by the rabbit.,munch,,
The student munched popcorn.  ,The popcorn was munched by the student.,munch,,
The coworker munched a sandwich.  ,The sandwich was munched by the coworker.,munch,,
The athlete munched an energy bar.  ,The energy bar was munched by the athlete.,munch,,
The guest munched the chips.  ,The chips were munched by the guest.,munch,,
The bird munched the seeds.  ,The seeds were munched by the bird.,munch,,
The spray repulsed the insects.  ,The insects were repulsed by the spray.,repulse,,
The foul smell repulsed the guests.  ,The guests were repulsed by the foul smell.,repulse,,
The story repulsed the audience.  ,The audience was repulsed by the story.,repulse,,
The image repulsed the viewers.  ,The viewers were repulsed by the image.,repulse,,
The news repulsed the community.  ,The community was repulsed by the news.,repulse,,
The behavior repulsed the teachers.  ,The teachers were repulsed by the behavior.,repulse,,
The sight repulsed the tourists.  ,The tourists were repulsed by the sight.,repulse,,
The idea repulsed the students.  ,The students were repulsed by the idea.,repulse,,
The taste repulsed the diners.  ,The diners were repulsed by the taste.,repulse,,
The scene repulsed the critics.  ,The critics were repulsed by the scene.,repulse,,
The magician astonished the audience.,The audience was astonished by the magician.,astonish,,
The news astonished the reporters.,The reporters were astonished by the news.,astonish,,
The performance astonished the spectators.,The spectators were astonished by the performance.,astonish,,
The unexpected gift astonished the child.,The child was astonished by the unexpected gift.,astonish,,
The discovery astonished the scientists.,The scientists were astonished by the discovery.,astonish,,
The results astonished the researchers.,The researchers were astonished by the results.,astonish,,
The painting astonished the critics.,The critics were astonished by the painting.,astonish,,
The feat astonished the onlookers.,The onlookers were astonished by the feat.,astonish,,
The event astonished the community.,The community was astonished by the event.,astonish,,
The movie astonished the viewers.,The viewers were astonished by the movie.,astonish,,
The dog smelled the flower.,The flower was smelled by the dog.,smell,,
She smelled the fresh bread.,The fresh bread was smelled by her.,smell,,
The child smelled the cookies.,The cookies were smelled by the child.,smell,,
The scientist smelled the chemicals.,The chemicals were smelled by the scientist.,smell,,
The chef smelled the soup.,The soup was smelled by the chef.,smell,,
The detective smelled the smoke.,The smoke was smelled by the detective.,smell,,
The artist smelled the paint.,The paint was smelled by the artist.,smell,,
The teacher smelled the markers.,The markers were smelled by the teacher.,smell,,
The visitor smelled the perfume.,The perfume was smelled by the visitor.,smell,,
The gardener smelled the roses.,The roses were smelled by the gardener.,smell,,
The news shocked the community.,The community was shocked by the news.,shock,,
The performance shocked the audience.,The audience was shocked by the performance.,shock,,
The accident shocked the witnesses.,The witnesses were shocked by the accident.,shock,,
The revelation shocked the researchers.,The researchers were shocked by the revelation.,shock,,
The movie shocked the critics.,The critics were shocked by the movie.,shock,,
The statistic shocked the analysts.,The analysts were shocked by the statistic.,shock,,
The comment shocked the participants.,The participants were shocked by the comment.,shock,,
The discovery shocked the team.,The team was shocked by the discovery.,shock,,
The demonstration shocked the crowd.,The crowd was shocked by the demonstration.,shock,,
The dog barked at the mailman.,The mailman was barked at by the dog.,bark,,
The crowd barked insults.,Insults were barked by the crowd.,bark,,
The guard barked orders.,Orders were barked by the guard.,bark,,
The old man barked complaints.,Complaints were barked by the old man.,bark,,
The coach barked instructions.,Instructions were barked by the coach.,bark,,
The parrot barked a funny phrase.,The funny phrase was barked by the parrot.,bark,,
The wound bled red blood.,The red blood was bled from the wound.,bleed,,
The knife bled fresh juice.,The fresh juice was bled by the knife.,bleed,,
The tree bled sap onto the ground.,The sap was bled onto the ground by the tree.,bleed,,
The machine bled oil onto the floor.,The oil was bled onto the floor by the machine.,bleed,,
The painting bled paint over the canvas.,The canvas was bled on by the painting.,bleed,,
The fountain pen bled ink.,Ink was bled by the fountain pen.,bleed,,
The magician stunned the audience.,The audience was stunned by the magician.,stun,,
The news stunned the crowd.,The crowd was stunned by the news.,stun,,
The performance stunned the judges.,The judges were stunned by the performance.,stun,,
The result stunned the players.,The players were stunned by the result.,stun,,
The revelation stunned the guests.,The guests were stunned by the revelation.,stun,,
The accident stunned the witnesses.,The witnesses were stunned by the accident.,stun,,
The movie stunned the critics.,The critics were stunned by the movie.,stun,,
The storm stunned the town.,The town was stunned by the storm.,stun,,
The victory stunned the opponents.,The opponents were stunned by the victory.,stun,,
The discovery stunned the scientists.,The scientists were stunned by the discovery.,stun,,
The detective sensed a disturbance.,The disturbance was sensed by the detective.,sense,,
The child sensed danger.,The danger was sensed by the child.,sense,,
The dog sensed the stranger.,The stranger was sensed by the dog.,sense,,
The musician sensed the rhythm.,The rhythm was sensed by the musician.,sense,,
The cat sensed the movement.,The movement was sensed by the cat.,sense,,
The athlete sensed the competition.,The competition was sensed by the athlete.,sense,,
The philosopher sensed the contradiction.,The contradiction was sensed by the philosopher.,sense,,
The scientist sensed an opportunity.,An opportunity was sensed by the scientist.,sense,,
The loud music distracted the students.,The students were distracted by the loud music.,distract,,
A phone call distracted the teacher.,The teacher was distracted by a phone call.,distract,,
The bright light distracted the driver.,The driver was distracted by the bright light.,distract,,
The unexpected noise distracted the presenter.,The presenter was distracted by the unexpected noise.,distract,,
The car crash distracted the pedestrians.,The pedestrians were distracted by the car crash.,distract,,
The movie distracted the audience.,The audience was distracted by the movie.,distract,,
The argument distracted the workers.,The workers were distracted by the argument.,distract,,
The fireworks distracted the children.,The children were distracted by the fireworks.,distract,,
The smell distracted the chef.,The chef was distracted by the smell.,distract,,
The sudden movement distracted the dog.,The dog was distracted by the sudden movement.,distract,,
The teacher reassured the students.,The students were reassured by the teacher.,reassure,,
The friend reassured the worried parent.,The worried parent was reassured by the friend.,reassure,,
The manager reassured the team members.,The team members were reassured by the manager.,reassure,,
The doctor reassured the patient.,The patient was reassured by the doctor.,reassure,,
The coach reassured the players.,The players were reassured by the coach.,reassure,,
The parent reassured the child.,The child was reassured by the parent.,reassure,,
The counselor reassured the client.,The client was reassured by the counselor.,reassure,,
The leader reassured the community.,The community was reassured by the leader.,reassure,,
The partner reassured the spouse.,The spouse was reassured by the partner.,reassure,,
The expert reassured the audience.,The audience was reassured by the expert.,reassure,,
The killer strangled the victim.,The victim was strangled by the killer.,strangle,,
The snake strangled the rabbit.,The rabbit was strangled by the snake.,strangle,,
The hunter strangled the bird.,The bird was strangled by the hunter.,strangle,,
The criminal strangled his accomplice.,The accomplice was strangled by the criminal.,strangle,,
The rope strangled the tree branch.,The tree branch was strangled by the rope.,strangle,,
The assassin strangled the informant.,The informant was strangled by the assassin.,strangle,,
The wind strangled the sound of the music.,The sound of the music was strangled by the wind.,strangle,,
The vine strangled the old statue.,The old statue was strangled by the vine.,strangle,,
The anger strangled her words.,The words were strangled by the anger.,strangle,,
The fall hurt the child.  ,The child was hurt by the fall.,hurt,,
The storm hurt the crops.  ,The crops were hurt by the storm.,hurt,,
The criticism hurt the artist.  ,The artist was hurt by the criticism.,hurt,,
The accident hurt the driver.  ,The driver was hurt by the accident.,hurt,,
The news hurt the family.  ,The family was hurt by the news.,hurt,,
The icy road hurt the tires.  ,The tires were hurt by the icy road.,hurt,,
The heat hurt the plants.  ,The plants were hurt by the heat.,hurt,,
The villain murdered the hero.,The hero was murdered by the villain.,murder,,
The killer murdered the victim.,The victim was murdered by the killer.,murder,,
A man murdered a child.,A child was murdered by a man.,murder,,
The assassin murdered the spy.,The spy was murdered by the assassin.,murder,,
The knight murdered the thief.,The thief was murdered by the knight.,murder,,
The cat shadowed the bird.,The bird was shadowed by the cat.,shadow,,
The detective shadowed the suspect.,The suspect was shadowed by the detective.,shadow,,
The child shadowed his mother.,The mother was shadowed by the child.,shadow,,
The artist shadowed the model.,The model was shadowed by the artist.,shadow,,
The student shadowed the teacher.,The teacher was shadowed by the student.,shadow,,
The athlete shadowed the opponent.,The opponent was shadowed by the athlete.,shadow,,
The child annoyed the teacher.,The teacher was annoyed by the child.,annoy,,
The noise annoyed the neighbors.,The neighbors were annoyed by the noise.,annoy,,
The movie annoyed the audience.,The audience was annoyed by the movie.,annoy,,
The delay annoyed the passengers.,The passengers were annoyed by the delay.,annoy,,
The comment annoyed his friend.,The friend's comment was annoyed by him.,annoy,,
The weather annoyed the hikers.,The hikers were annoyed by the weather.,annoy,,
The quiz annoyed the students.,The students were annoyed by the quiz.,annoy,,
The decision annoyed the employees.,The employees were annoyed by the decision.,annoy,,
The traffic annoyed the drivers.,The drivers were annoyed by the traffic.,annoy,,
The artist puzzled together the pieces.,The pieces were puzzled together by the artist.,puzzle,,
The game puzzled the players.,The players were puzzled by the game.,puzzle,,
The puzzle puzzled the audience.,The audience was puzzled by the puzzle.,puzzle,,
The dog tailed the cat.,The cat was tailed by the dog.,tail,,
The bird tailed the airplane.,The airplane was tailed by the bird.,tail,,
The child tailed the mother.,Output: The mother was tailed by the child.,tail,,
The detective tailed the suspect.,The suspect was tailed by the detective.,tail,,
The car tailed the truck.,The truck was tailed by the car.,tail,,
The horse tailed the rider.,The rider was tailed by the horse.,tail,,
The runner tailed the leader.,The leader was tailed by the runner.,tail,,
The fish tailed the lure.,The lure was tailed by the fish.,tail,,
The fox tailed the rabbit.,The rabbit was tailed by the fox.,tail,,
The student tailed the teacher.,The teacher was tailed by the student.,tail,,
The hunter killed a deer.,The deer was killed by the hunter.,kill,,
The farmer killed the chicken.,The chicken was killed by the farmer.,kill,,
The cat killed a mouse.,The mouse was killed by the cat.,kill,,
The dog killed the rabbit.,The rabbit was killed by the dog.,kill,,
The soldier killed an enemy.,The enemy was killed by the soldier.,kill,,
The chef killed the fish.,The fish was killed by the chef.,kill,,
The child killed the spider.,The spider was killed by the child.,kill,,
The gardener killed the weeds.,The weeds were killed by the gardener.,kill,,
The detective killed the rumor.,The rumor was killed by the detective.,kill,,
The magician killed the illusion.,The illusion was killed by the magician.,kill,,
The dog chased the cat.,The cat was chased by the dog.,chase,,
The hunter chased the deer.,The deer was chased by the hunter.,chase,,
The kids chased the ball.,The ball was chased by the kids.,chase,,
A girl chased the butterfly.,The butterfly was chased by a girl.,chase,,
The police chased the robber.,The robber was chased by the police.,chase,,
The horse chased the rider.,The rider was chased by the horse.,chase,,
The cat chased the mouse.,The mouse was chased by the cat.,chase,,
The fox chased the rabbit.,The rabbit was chased by the fox.,chase,,
The coach chased the players.,The players were chased by the coach.,chase,,
The bird chased the insect.,The insect was chased by the bird.,chase,,
The fireworks dazzled the crowd.  ,The crowd was dazzled by the fireworks.,dazzle,,
The performance dazzled the audience.  ,The audience was dazzled by the performance.,dazzle,,
The sunlight dazzled the children.  ,The children were dazzled by the sunlight.,dazzle,,
The painting dazzled the art critics.  ,The art critics were dazzled by the painting.,dazzle,,
The diamond dazzled the onlookers.  ,The onlookers were dazzled by the diamond.,dazzle,,
The magician dazzled the spectators.  ,The spectators were dazzled by the magician.,dazzle,,
The display dazzled the shoppers.  ,The shoppers were dazzled by the display.,dazzle,,
The show dazzled the judges.  ,The judges were dazzled by the show.,dazzle,,
The clown entertained the children.,The children were entertained by the clown.,entertain,,
The magician entertained the audience.,The audience was entertained by the magician.,entertain,,
The comedian entertained the guests.,The guests were entertained by the comedian.,entertain,,
The teacher entertained the students.,The students were entertained by the teacher.,entertain,,
The band entertained the crowd.,The crowd was entertained by the band.,entertain,,
The actress entertained the viewers.,The viewers were entertained by the actress.,entertain,,
The juggler entertained the spectators.,The spectators were entertained by the juggler.,entertain,,
The storyteller entertained the group.,The group was entertained by the storyteller.,entertain,,
The musician entertained the fans.,The fans were entertained by the musician.,entertain,,
The dancer entertained the party.,The party was entertained by the dancer.,entertain,,
The teacher told a story.,The story was told by the teacher.,tell,,
The mother told a secret.,The secret was told by the mother.,tell,,
The detective told the truth.,The truth was told by the detective.,tell,,
The friend told a joke.,The joke was told by the friend.,tell,,
The father told a tale.,The tale was told by the father.,tell,,
The manager enraged the employees.  ,The employees were enraged by the manager.,enrage,,
The news article enraged the readers.  ,The readers were enraged by the news article.,enrage,,
The loud noise enraged the neighbors.  ,The neighbors were enraged by the loud noise.,enrage,,
The criticism enraged the artist.  ,The artist was enraged by the criticism.,enrage,,
The delay enraged the customers.  ,The customers were enraged by the delay.,enrage,,
The decision enraged the supporters.  ,The supporters were enraged by the decision.,enrage,,
The comment enraged the speaker.  ,The speaker was enraged by the comment.,enrage,,
The joke enraged the audience.  ,The audience was enraged by the joke.,enrage,,
The change enraged the fans.  ,The fans were enraged by the change.,enrage,,
The rumor enraged the community.  ,The community was enraged by the rumor.,enrage,,
The farmer fed the chickens.  ,The chickens were fed by the farmer.,feed,,
The mother fed the baby.  ,The baby was fed by the mother.,feed,,
The zookeeper fed the lions.  ,The lions were fed by the zookeeper.,feed,,
The volunteer fed the homeless people.  ,The homeless people were fed by the volunteer.,feed,,
The parent fed the ducks.  ,The ducks were fed by the parent.,feed,,
The friend fed the cat.  ,The cat was fed by the friend.,feed,,
The loud music irritated the neighbors.,The neighbors were irritated by the loud music.,irritate,,
The delay irritated the passengers.,The passengers were irritated by the delay.,irritate,,
The remark irritated the teacher.,The teacher was irritated by the remark.,irritate,,
The heat irritated the skin.,The skin was irritated by the heat.,irritate,,
The traffic jam irritated the driver.,The driver was irritated by the traffic jam.,irritate,,
The stain irritated the homeowner.,The homeowner was irritated by the stain.,irritate,,
The smell irritated the customer.,The customer was irritated by the smell.,irritate,,
The noise irritated the baby.,The baby was irritated by the noise.,irritate,,
The comment irritated the friend.,The friend was irritated by the comment.,irritate,,
The bad weather irritated the campers.,The campers were irritated by the bad weather.,irritate,,
The manager inspected the equipment.,The equipment was inspected by the manager.,inspect,,
A technician inspected the machinery.,The machinery was inspected by a technician.,inspect,,
The teacher inspected the students' assignments.,The students' assignments were inspected by the teacher.,inspect,,
The appraiser inspected the property.,The property was inspected by the appraiser.,inspect,,
The curator inspected the artwork.,The artwork was inspected by the curator.,inspect,,
The officer inspected the vehicle.,The vehicle was inspected by the officer.,inspect,,
A doctor inspected the patient's chart.,The patient's chart was inspected by a doctor.,inspect,,
The parent inspected the playground.,The playground was inspected by the parent.,inspect,,
The surveyor inspected the construction site.,The construction site was inspected by the surveyor.,inspect,,
The news depressed the community.,The community was depressed by the news.,depress,,
The movie depressed the audience.,The audience was depressed by the movie.,depress,,
The weather depressed the workers.,The workers were depressed by the weather.,depress,,
The report depressed the investors.,The investors were depressed by the report.,depress,,
The comments depressed the volunteers.,The volunteers were depressed by the comments.,depress,,
The results depressed the team.,The team was depressed by the results.,depress,,
The situation depressed the children.,The children were depressed by the situation.,depress,,
The song depressed the listeners.,The listeners were depressed by the song.,depress,,
The tragedy depressed the town.,The town was depressed by the tragedy.,depress,,
The conversation depressed the participants.,The participants were depressed by the conversation.,depress,,
The child tripped the runner.,The runner was tripped by the child.,trip,,
The dog tripped the walker.,The walker was tripped by the dog.,trip,,
The girl tripped her friend.,The friend was tripped by the girl.,trip,,
The clown tripped the audience.,The audience was tripped by the clown.,trip,,
The gust of wind tripped the cyclist.,The cyclist was tripped by the gust of wind.,trip,,
The player tripped the opponent.,The opponent was tripped by the player.,trip,,
The rope tripped the hiker.,The hiker was tripped by the rope.,trip,,
The cat tripped the unsuspecting human.,The unsuspecting human was tripped by the cat.,trip,,
The tree branch tripped the jogger.,The jogger was tripped by the tree branch.,trip,,
The obstacle tripped the skateboarder.,The skateboarder was tripped by the obstacle.,trip,,
The hiker trailed a group of birds.,The group of birds was trailed by the hiker.,trail,,
The investigator trailed a suspect.,The suspect was trailed by the investigator.,trail,,
The runner trailed the marathon leader.,The marathon leader was trailed by the runner.,trail,,
The detective trailed the suspect.,The suspect was trailed by the detective.,trail,,
The baby sucked its thumb.,The thumb was sucked by the baby.,suck,,
The vacuum sucked the dirt.,The dirt was sucked by the vacuum.,suck,,
The child sucked the candy.,The candy was sucked by the child.,suck,,
The toddler sucked the lollipop.,The lollipop was sucked by the toddler.,suck,,
The player sucked the energy drink.,The energy drink was sucked by the player.,suck,,
The dinner served eight guests.,The dinner was served to eight guests.,"serve (i.e., be enough food for)",,
The buffet served several options.,The buffet was served several options.,"serve (i.e., be enough food for)",,
The potluck served various dishes.,The various dishes were served by the potluck.,"serve (i.e., be enough food for)",,
The event served a large crowd.,The large crowd was served by the event.,"serve (i.e., be enough food for)",,
The food truck served hungry customers.,The hungry customers were served by the food truck.,"serve (i.e., be enough food for)",,
The dog tracked the scent.,The scent was tracked by the dog.,track,,
The scientist tracked the migration.,The migration was tracked by the scientist.,track,,
The hiker tracked the group.,The group was tracked by the hiker.,track,,
The detective tracked the suspect.,The suspect was tracked by the detective.,track,,
The biologist tracked the population.,The population was tracked by the biologist.,track,,
The researcher tracked the data.,The data was tracked by the researcher.,track,,
The park ranger tracked the wildlife.,The wildlife was tracked by the park ranger.,track,,
The photographer tracked the movement.,The movement was tracked by the photographer.,track,,
The teacher tracked the attendance.,The attendance was tracked by the teacher.,track,,
The chef popped the popcorn.  ,The popcorn was popped by the chef.,pop,,
The child popped the bubble.  ,The bubble was popped by the child.,pop,,
The performer popped the confetti.,The confetti was popped by the performer.,pop,,
The winners popped the champagne.  ,The champagne was popped by the winners.,pop,,
The mechanic popped the hood of the car.  ,The hood of the car was popped by the mechanic.,pop,,
The child teased the puppy.  ,The puppy was teased by the child.,tease,,
The students teased the teacher.  ,The teacher was teased by the students.,tease,,
The big brother teased his sister.  ,The sister was teased by the big brother.,tease,,
The friends teased each other.  ,The friends were teased by each other.,tease,,
The comedian teased the audience.  ,The audience was teased by the comedian.,tease,,
The players teased their coach.  ,The coach was teased by the players.,tease,,
The neighbor teased the cat.  ,The cat was teased by the neighbor.,tease,,
The girl teased the boy.  ,The boy was teased by the girl.,tease,,
The siblings teased their parents.  ,The parents were teased by the siblings.,tease,,
The group teased their leader.  ,The leader was teased by the group.,tease,,
The lawyer married his college sweetheart.  ,The college sweetheart was married by the lawyer.,marry,,
The princess married a handsome prince.  ,The handsome prince was married to by the princess.,marry,,
The woman married her childhood friend.  ,The childhood friend was married by the woman.,marry,,
The artist married an actress.  ,The actress was married by the artist.,marry,,
The scientist married a researcher.  ,A researcher was married by the scientist.,marry,,
The farmer married a woman from the city.  ,The woman from the city was married by the farmer.,marry,,
The historian married a fellow scholar.  ,The fellow scholar was married by the historian.,marry,,
The child bounced the ball.  ,The ball was bounced by the child.,bounce,,
The player bounced the basketball.  ,The basketball was bounced by the player.,bounce,,
The dog bounced the toy.  ,The toy was bounced by the dog.,bounce,,
The boy bounced the rubber duck.  ,The rubber duck was bounced by the boy.,bounce,,
The athlete bounced the medicine ball.  ,The medicine ball was bounced by the athlete.,bounce,,
The toddler bounced the beach ball.  ,The beach ball was bounced by the toddler.,bounce,,
The team bounced the volleyball.  ,The volleyball was bounced by the team.,bounce,,
The artist bounced the ball of yarn.  ,The ball of yarn was bounced by the artist.,bounce,,
The magician bounced the giant balloon.  ,The giant balloon was bounced by the magician.,bounce,,
The artist pleased the audience.  ,The audience was pleased by the artist.,please,,
The teacher pleased the students.  ,The students were pleased by the teacher.,please,,
The gift pleased the child.  ,The child was pleased by the gift.,please,,
The performance pleased the crowd.  ,The crowd was pleased by the performance.,please,,
The meal pleased the guests.  ,The guests were pleased by the meal.,please,,
The news pleased the family.  ,The family was pleased by the news.,please,,
The song pleased the listeners.  ,The listeners were pleased by the song.,please,,
The presentation pleased the committee.  ,The committee was pleased by the presentation.,please,,
The flowers pleased the gardener.  ,The gardener was pleased by the flowers.,please,,
The movie pleased the critics.  ,The critics were pleased by the movie.,please,,
The teacher advised the student.,The student was advised by the teacher.,advise,,
The coach advised the team.,The team was advised by the coach.,advise,,
A friend advised the traveler.,The traveler was advised by a friend.,advise,,
The doctor advised the patient.,The patient was advised by the doctor.,advise,,
The mentor advised the apprentice.,The apprentice was advised by the mentor.,advise,,
The parent advised the child.,The child was advised by the parent.,advise,,
The lawyer advised the client.,The client was advised by the lawyer.,advise,,
The manager advised the employee.,The employee was advised by the manager.,advise,,
The expert advised the committee.,The committee was advised by the expert.,advise,,
The professor advised the researcher.,The researcher was advised by the professor.,advise,,
The news angered the crowd.  ,The crowd was angered by the news.,anger,,
The manager angered the employee.  ,The employee was angered by the manager.,anger,,
The comment angered the teacher.  ,The teacher was angered by the comment.,anger,,
The delay angered the customers.  ,The customers were angered by the delay.,anger,,
The decision angered the committee.  ,The committee was angered by the decision.,anger,,
The feedback angered the author.  ,The author was angered by the feedback.,anger,,
The incident angered the neighbors.  ,The neighbors were angered by the incident.,anger,,
The joke angered the audience.  ,The audience was angered by the joke.,anger,,
The report angered the officials.  ,The officials were angered by the report.,anger,,
The protest angered the police.  ,The police were angered by the protest.,anger,,
The detective investigated the crime scene.,The crime scene was investigated by the detective.,investigate,,
A team investigated the suspicious activity.,The suspicious activity was investigated by a team.,investigate,,
The analyst investigated the data anomalies.,The data anomalies were investigated by the analyst.,investigate,,
The scientists investigated the unusual phenomenon.,The unusual phenomenon was investigated by the scientists.,investigate,,
The journalist investigated the corruption scandal.,The corruption scandal was investigated by the journalist.,investigate,,
The committee investigated the complaints.,The complaints were investigated by the committee.,investigate,,
The police investigated the missing persons case.,The missing persons case was investigated by the police.,investigate,,
An expert investigated the historical documents.,The historical documents were investigated by an expert.,investigate,,
The auditors investigated the financial records.,The financial records were investigated by the auditors.,investigate,,
The professor investigated the theoretical model.,The theoretical model was investigated by the professor.,investigate,,
Heavy rain drowned the crops.  ,The crops were drowned by heavy rain.,drown,,
A child drowned the kitten.  ,The kitten was drowned by a child.,drown,,
The flood drowned the village.  ,The village was drowned by the flood.,drown,,
A wave drowned the swimmer.  ,The swimmer was drowned by a wave.,drown,,
The tide drowned the lighthouse.  ,The lighthouse was drowned by the tide.,drown,,
The mother hugged her child.,The child was hugged by the mother.,hug,,
The friend hugged the dog.,The dog was hugged by the friend.,hug,,
The teacher hugged the student.,The student was hugged by the teacher.,hug,,
The girl hugged her teddy bear.,The teddy bear was hugged by the girl.,hug,,
The athlete hugged the coach.,The coach was hugged by the athlete.,hug,,
The sister hugged the brother.,The brother was hugged by the sister.,hug,,
The grandmother hugged the granddaughter.,The granddaughter was hugged by the grandmother.,hug,,
The actor hugged the fan.,The fan was hugged by the actor.,hug,,
The waiter hugged the chef.,The chef was hugged by the waiter.,hug,,
The neighbor hugged the homeowner.,The homeowner was hugged by the neighbor.,hug,,
The announcement surprised the crowd.,The crowd was surprised by the announcement.,surprise,,
The gift surprised the children.,The children were surprised by the gift.,surprise,,
The news surprised the employee.,The employee was surprised by the news.,surprise,,
The magic trick surprised the audience.,The audience was surprised by the magic trick.,surprise,,
The party surprised the guest.,The guest was surprised by the party.,surprise,,
The performance surprised the critics.,The critics were surprised by the performance.,surprise,,
The outcome surprised the team.,The team was surprised by the outcome.,surprise,,
The result surprised the teacher.,The teacher was surprised by the result.,surprise,,
The sudden change surprised everyone.,The sudden change was surprising to everyone.,surprise,,
The visit surprised the family.,The family was surprised by the visit.,surprise,,
The chef knifed the vegetables.  ,The vegetables were knifed by the chef.,knife,,
The butcher knifed the meat.  ,The meat was knifed by the butcher.,knife,,
The gardener knifed the weeds.  ,The weeds were knifed by the gardener.,knife,,
The team knifed the competition.  ,The competition was knifed by the team.,knife,,
The writer knifed the paper.  ,The paper was knifed by the writer.,knife,,
The cook knifed the onions.  ,The onions were knifed by the cook.,knife,,
The soldier knifed the enemy.  ,The enemy was knifed by the soldier.,knife,,
The child knifed the orange.  ,The orange was knifed by the child.,knife,,
The mechanic knifed the packaging.  ,The packaging was knifed by the mechanic.,knife,,
The cat fought the dog.,The dog was fought by the cat.,fight,,
The knight fought the dragon.,The dragon was fought by the knight.,fight,,
The children fought their fears.,The fears were fought by the children.,fight,,
The soldier fought the enemy.,The enemy was fought by the soldier.,fight,,
The boxer fought his opponent.,The opponent was fought by the boxer.,fight,,
The teams fought their rivals.,The rivals were fought by the teams.,fight,,
The rebels fought the government.,The government was fought by the rebels.,fight,,
The athletes fought each other.,The athletes were fought by each other.,fight,,
The warriors fought the invaders.,The invaders were fought by the warriors.,fight,,
The champions fought for victory.,The victory was fought for by the champions.,fight,,
The tailor dressed the mannequin.,The mannequin was dressed by the tailor.,dress,,
The mother dressed the child.,The child was dressed by the mother.,dress,,
The actress dressed the doll.,The doll was dressed by the actress.,dress,,
The designer dressed the models.,The models were dressed by the designer.,dress,,
The chef dressed the salad.,The salad was dressed by the chef.,dress,,
The artist dressed the canvas.,The canvas was dressed by the artist.,dress,,
The nurse dressed the wound.,The wound was dressed by the nurse.,dress,,
The costume designer dressed the performer.,The performer was dressed by the costume designer.,dress,,
The stylist dressed the celebrity.,The celebrity was dressed by the stylist.,dress,,
The mannequin was dressed by the assistant.,The assistant dressed the mannequin.,dress,,
The teacher recognized the student.,The student was recognized by the teacher.,recognize,,
A detective recognized the suspect.,The suspect was recognized by a detective.,recognize,,
The manager recognized the effort.,The effort was recognized by the manager.,recognize,,
The audience recognized the performer.,The performer was recognized by the audience.,recognize,,
The scientist recognized the pattern.,The pattern was recognized by the scientist.,recognize,,
The witness recognized the location.,The location was recognized by the witness.,recognize,,
The friend recognized an old photo.,The old photo was recognized by the friend.,recognize,,
The app recognized the voice.,The voice was recognized by the app.,recognize,,
The loud noise aggravated the situation.,The situation was aggravated by the loud noise.,aggravate,,
The delays aggravated the passengers' frustration.,The passengers' frustration was aggravated by the delays.,aggravate,,
The heat aggravated his condition.,The condition was aggravated by the heat.,aggravate,,
An insult aggravated her feelings.,The feelings were aggravated by an insult.,aggravate,,
The argument aggravated the tension in the room.,The tension in the room was aggravated by the argument.,aggravate,,
The comments aggravated the discussion.,The discussion was aggravated by the comments.,aggravate,,
Poor service aggravated the customers.,The customers were aggravated by poor service.,aggravate,,
The weather aggravated their plans.,The plans were aggravated by the weather.,aggravate,,
The traffic aggravated the commute.,The commute was aggravated by the traffic.,aggravate,,
The news aggravated the already anxious crowd.,The already anxious crowd was aggravated by the news.,aggravate,,
The teacher guided the students.,The students were guided by the teacher.,guide,,
A mentor guided the writer.,The writer was guided by a mentor.,guide,,
The tour guide guided the group.,The group was guided by the tour guide.,guide,,
The coach guided the team.,The team was guided by the coach.,guide,,
An expert guided the project.,The project was guided by an expert.,guide,,
The parent guided the child.,The child was guided by the parent.,guide,,
The documentary guided the audience.,The audience was guided by the documentary.,guide,,
The map guided the travelers.,The travelers were guided by the map.,guide,,
The instructor guided the class.,The class was guided by the instructor.,guide,,
The leader guided the initiative.,The initiative was guided by the leader.,guide,,
The woman divorced the man.,The man was divorced by the woman.,divorce,,
The researcher divorced the scientist.,The scientist was divorced by the researcher.,divorce,,
A chef divorced an artist.,An artist was divorced by a chef.,divorce,,
The man divorced the woman.,The woman was divorced by the man.,divorce,,
The husband divorced the wife.,The wife was divorced by the husband.,divorce,,
The child embraced the puppy.,The puppy was embraced by the child.,embrace,,
A woman embraced her friend.,Output: Her friend was embraced by a woman.,embrace,,
The actor embraced the award.,The award was embraced by the actor.,embrace,,
The team embraced the challenge.,The challenge was embraced by the team.,embrace,,
The parent embraced the child.,The child was embraced by the parent.,embrace,,
The community embraced the change.,The change was embraced by the community.,embrace,,
The leader embraced the idea.,The idea was embraced by the leader.,embrace,,
The student embraced the opportunity.,The opportunity was embraced by the student.,embrace,,
The thunder frightened the children.,The children were frightened by the thunder.,frighten,,
The movie frightened the audience.,The audience was frightened by the movie.,frighten,,
The storm frightened the cats.,The cats were frightened by the storm.,frighten,,
The ghost frightened the visitors.,The visitors were frightened by the ghost.,frighten,,
The loud noise frightened the dog.,The dog was frightened by the loud noise.,frighten,,
The dark room frightened the guests.,The guests were frightened by the dark room.,frighten,,
The sudden shout frightened the bystanders.,The bystanders were frightened by the sudden shout.,frighten,,
The eerie story frightened the campers.,The campers were frightened by the eerie story.,frighten,,
The unexpected movement frightened the bird.,The bird was frightened by the unexpected movement.,frighten,,
The shadowy figure frightened the passersby.,The passersby were frightened by the shadowy figure.,frighten,,
The manager dispatched the order.,The order was dispatched by the manager.,dispatch,,
The team dispatched the package.,The package was dispatched by the team.,dispatch,,
The company dispatched a technician.,The technician was dispatched by the company.,dispatch,,
The agency dispatched the files.,The files were dispatched by the agency.,dispatch,,
The director dispatched the memo.,The memo was dispatched by the director.,dispatch,,
The courier dispatched the documents.,The documents were dispatched by the courier.,dispatch,,
The office dispatched an announcement.,The announcement was dispatched by the office.,dispatch,,
The service dispatched a replacement.,The replacement was dispatched by the service.,dispatch,,
The organization dispatched the volunteers.,The volunteers were dispatched by the organization.,dispatch,,
The school dispatched an invitation.,The invitation was dispatched by the school.,dispatch,,
The fire suffocated the small bird.,The small bird was suffocated by the fire.,suffocate,,
The smoke suffocated the trapped people.,The trapped people were suffocated by the smoke.,suffocate,,
The plastic bag suffocated the puppy.,The puppy was suffocated by the plastic bag.,suffocate,,
The fumes suffocated the insects.,The insects were suffocated by the fumes.,suffocate,,
The heat suffocated the trapped fish.,The trapped fish was suffocated by the heat.,suffocate,,
The blanket suffocated the tiny kitten.,The tiny kitten was suffocated by the blanket.,suffocate,,
The avalanche suffocated the climbers.,The climbers were suffocated by the avalanche.,suffocate,,
The water suffocated the drowning victim.,The drowning victim was suffocated by the water.,suffocate,,
The storm threatened the village.,The village was threatened by the storm.,threaten,,
The manager threatened the employee.,The employee was threatened by the manager.,threaten,,
The bear threatened the hikers.,The hikers were threatened by the bear.,threaten,,
The rival gang threatened the business.,The business was threatened by the rival gang.,threaten,,
The news report threatened public trust.,The public trust was threatened by the news report.,threaten,,
The dream threatened his peace.,The peace was threatened by the dream.,threaten,,
The loud noise threatened the meeting.,The meeting was threatened by the loud noise.,threaten,,
The invasion threatened the borders.,The borders were threatened by the invasion.,threaten,,
The bully threatened the smaller kids.,The smaller kids were threatened by the bully.,threaten,,
The advertisement threatened traditional values.,The traditional values were threatened by the advertisement.,threaten,,
The teacher instructed the students.  ,The students were instructed by the teacher.,instruct,,
The coach instructed the players.  ,The players were instructed by the coach.,instruct,,
The manager instructed the team.  ,The team was instructed by the manager.,instruct,,
The professor instructed the class.  ,The class was instructed by the professor.,instruct,,
The guide instructed the tourists.  ,The tourists were instructed by the guide.,instruct,,
The parent instructed the child.  ,The child was instructed by the parent.,instruct,,
The supervisor instructed the workers.  ,The workers were instructed by the supervisor.,instruct,,
The mentor instructed the apprentice.  ,The apprentice was instructed by the mentor.,instruct,,
The director instructed the actors.  ,The actors were instructed by the director.,instruct,,
The trainer instructed the participants.  ,The participants were instructed by the trainer.,instruct,,
The family visited the museum.,The museum was visited by the family.,visit,,
The friends visited the park.,The park was visited by the friends.,visit,,
The teacher visited the classroom.,The classroom was visited by the teacher.,visit,,
The artist visited the gallery.,The gallery was visited by the artist.,visit,,
The team visited the stadium.,The stadium was visited by the team.,visit,,
The author visited the bookstore.,The bookstore was visited by the author.,visit,,
The tourists visited the city.,The city was visited by the tourists.,visit,,
The neighbors visited the house.,The house was visited by the neighbors.,visit,,
The doctor visited the patient.,The patient was visited by the doctor.,visit,,
The students visited the library.,The library was visited by the students.,visit,,
The loud noise terrified the children.,The children were terrified by the loud noise.,terrify,,
The movie terrified the audience.,The audience was terrified by the movie.,terrify,,
The storm terrified the campers.,The campers were terrified by the storm.,terrify,,
The ghost story terrified the group.,The group was terrified by the ghost story.,terrify,,
The sudden crash terrified the pedestrians.,The pedestrians were terrified by the sudden crash.,terrify,,
The darkness terrified the explorer.,The explorer was terrified by the darkness.,terrify,,
The unexpected shout terrified the cat.,The cat was terrified by the unexpected shout.,terrify,,
The documentary terrified the viewers.,The viewers were terrified by the documentary.,terrify,,
The horror film terrified the guests.,The guests were terrified by the horror film.,terrify,,
The thunderstorm terrified the dog.,The dog was terrified by the thunderstorm.,terrify,,
The magic trick amazed the audience.  ,The audience was amazed by the magic trick.,amaze,,
The news amazed the entire team.  ,The entire team was amazed by the news.,amaze,,
The painting amazed the visitors.  ,The visitors were amazed by the painting.,amaze,,
The performance amazed the judges.  ,The judges were amazed by the performance.,amaze,,
The story amazed the children.  ,The children were amazed by the story.,amaze,,
The invention amazed the scientists.  ,The scientists were amazed by the invention.,amaze,,
The discovery amazed the researchers.  ,The researchers were amazed by the discovery.,amaze,,
The film amazed the critics.  ,The critics were amazed by the film.,amaze,,
The scenery amazed the tourists.  ,The tourists were amazed by the scenery.,amaze,,
The talent amazed the talent scouts.  ,The talent scouts were amazed by the talent.,amaze,,
The cat terrorized the bird.,The bird was terrorized by the cat.,terrorize,,
The bully terrorized the playground.,The playground was terrorized by the bully.,terrorize,,
A storm terrorized the coastal town.,The coastal town was terrorized by a storm.,terrorize,,
The villain terrorized the city.,The city was terrorized by the villain.,terrorize,,
Children terrorized the unsuspecting neighbor.,The unsuspecting neighbor was terrorized by the children.,terrorize,,
The loud noises terrorized the puppy.,The puppy was terrorized by the loud noises.,terrorize,,
The prankster terrorized the group.,The group was terrorized by the prankster.,terrorize,,
The movie terrorized the audience.,The audience was terrorized by the movie.,terrorize,,
The news report terrorized the viewers.,The viewers were terrorized by the news report.,terrorize,,
The ghost terrorized the family.,The family was terrorized by the ghost.,terrorize,,
The loud noise startled the bird.,The bird was startled by the loud noise.,startle,,
The sudden movement startled the cat.,The cat was startled by the sudden movement.,startle,,
The flash from the camera startled the child.,The child was startled by the flash from the camera.,startle,,
The unexpected touch startled the dog.,The dog was startled by the unexpected touch.,startle,,
The thunderstorm startled the horses.,The horses were startled by the thunderstorm.,startle,,
The crowd's cheer startled the player.,The player was startled by the crowd's cheer.,startle,,
The firework display startled the audience.,The audience was startled by the firework display.,startle,,
The appearance of the clown startled the guests.,The guests were startled by the appearance of the clown.,startle,,
The opening of the door startled the visitor.,The visitor was startled by the opening of the door.,startle,,
The bright light startled the driver.,The driver was startled by the bright light.,startle,,
The artist admired the sculpture.,The sculpture was admired by the artist.,admire,,
The crowd admired the performance.,The performance was admired by the crowd.,admire,,
The critics admired the painting.,The painting was admired by the critics.,admire,,
A child admired the kitten.,The kitten was admired by a child.,admire,,
The teacher admired the student's work.,The student's work was admired by the teacher.,admire,,
The judge admired the athlete's skills.,The athlete's skills were admired by the judge.,admire,,
The visitors admired the architecture.,The architecture was admired by the visitors.,admire,,
The audience admired the singer's talent.,The singer's talent was admired by the audience.,admire,,
The photographer admired the landscape.,The landscape was admired by the photographer.,admire,,
The friends admired the view from the hill.,The view from the hill was admired by the friends.,admire,,
The clown amused the children.  ,The children were amused by the clown.,amuse,,
The movie amused the audience.  ,The audience was amused by the movie.,amuse,,
The comedian amused the crowd.  ,The crowd was amused by the comedian.,amuse,,
The story amused the readers.  ,The readers were amused by the story.,amuse,,
The game amused the players.  ,The players were amused by the game.,amuse,,
The joke amused the guests.  ,The guests were amused by the joke.,amuse,,
The performance amused the spectators.  ,The spectators were amused by the performance.,amuse,,
The antics amused the onlookers.  ,The onlookers were amused by the antics.,amuse,,
The puzzle amused the participants.  ,The participants were amused by the puzzle.,amuse,,
The magician amused the viewers.  ,The viewers were amused by the magician.,amuse,,
The team met the coach.  ,The coach was met by the team.,meet,,
The students met their new teacher.  ,The new teacher was met by the students.,meet,,
The couple met their friends.  ,The friends were met by the couple.,meet,,
The group met the director.  ,The director was met by the group.,meet,,
The travelers met a local guide.  ,The local guide was met by the travelers.,meet,,
The children met the astronaut.  ,The astronaut was met by the children.,meet,,
The volunteers met the organizer.  ,The organizer was met by the volunteers.,meet,,
The scientists met the researcher.  ,The researcher was met by the scientists.,meet,,
The artists met an influential critic.  ,The influential critic was met by the artists.,meet,,
The neighbors met the new residents.  ,The new residents were met by the neighbors.,meet,,
The explorer deserted the camp.,The camp was deserted by the explorer.,desert,,
The soldiers deserted their posts.,The posts were deserted by the soldiers.,desert,,
The team deserted the game.,The game was deserted by the team.,desert,,
The athlete deserted the competition.,The competition was deserted by the athlete.,desert,,
The friend deserted the mission.,The mission was deserted by the friend.,desert,,
The captain deserted the ship.,The ship was deserted by the captain.,desert,,
The student deserted the classroom.,The classroom was deserted by the student.,desert,,
The worker deserted the job.,The job was deserted by the worker.,desert,,
The artist deserted the project.,The project was deserted by the artist.,desert,,
The dog deserted the owner.,The owner was deserted by the dog.,desert,,
The woman rang the bell.,The bell was rung by the woman.,ring,,
The scientist rang the warning bell.,The warning bell was rung by the scientist.,ring,,
The firefighter rang the alarm.,The alarm was rung by the firefighter.,ring,,
The musician rang the triangle.,The triangle was rung by the musician.,ring,,
The teacher rang the chime.  ,The chime was rung by the teacher.,ring,,
The musician accompanied the singer.  ,The singer was accompanied by the musician.,accompany,,
The teacher accompanied the students.  ,The students were accompanied by the teacher.,accompany,,
The guide accompanied the tourists.  ,The tourists were accompanied by the guide.,accompany,,
The friend accompanied the child.  ,The child was accompanied by the friend.,accompany,,
The dog accompanied the owner.  ,The owner was accompanied by the dog.,accompany,,
The doctor accompanied the patient.  ,The patient was accompanied by the doctor.,accompany,,
The coach accompanied the team.  ,The team was accompanied by the coach.,accompany,,
The partner accompanied the client.  ,The client was accompanied by the partner.,accompany,,
The parent accompanied the child.  ,The child was accompanied by the parent.,accompany,,
The sibling accompanied the family.  ,The family was accompanied by the sibling.,accompany,,
The news infuriated the crowd.  ,The crowd was infuriated by the news.,infuriate,,
The comment infuriated the speaker.  ,The speaker was infuriated by the comment.,infuriate,,
The delay infuriated the passengers.  ,The passengers were infuriated by the delay.,infuriate,,
The prank infuriated the teacher.  ,The teacher was infuriated by the prank.,infuriate,,
The decision infuriated the team.  ,The team was infuriated by the decision.,infuriate,,
The criticism infuriated the artist.  ,The artist was infuriated by the criticism.,infuriate,,
The noise infuriated the neighbors.  ,The neighbors were infuriated by the noise.,infuriate,,
The mistake infuriated the manager.  ,The manager was infuriated by the mistake.,infuriate,,
The storm infuriated the campers.  ,The campers were infuriated by the storm.,infuriate,,
The result infuriated the fans.  ,The fans were infuriated by the result.,infuriate,,
The news upset the students.,The students were upset by the news.,upset,,
The comment upset the teacher.,The teacher was upset by the comment.,upset,,
A storm upset the picnic.,The picnic was upset by a storm.,upset,,
The movie upset the audience.,The audience was upset by the movie.,upset,,
The delay upset the travelers.,The travelers were upset by the delay.,upset,,
The argument upset the family.,The family was upset by the argument.,upset,,
The change upset the employees.,The employees were upset by the change.,upset,,
The joke upset the guests.,The guests were upset by the joke.,upset,,
The criticism upset the author.,The author was upset by the criticism.,upset,,
The incident upset the community.,The community was upset by the incident.,upset,,
The news sickened the audience.,The audience was sickened by the news.,sicken,,
The spoiled milk sickened the children.,The children were sickened by the spoiled milk.,sicken,,
The rumors sickened the community.,The community was sickened by the rumors.,sicken,,
The flu virus sickened many people.,The flu virus was responsible for many people being sickened.,sicken,,
The graphic images sickened the viewers.,The viewers were sickened by the graphic images.,sicken,,
The bad air quality sickened the residents.,The residents were sickened by the bad air quality.,sicken,,
The foul smell sickened the guests.,The guests were sickened by the foul smell.,sicken,,
The intense heat sickened the athletes.,The athletes were sickened by the intense heat.,sicken,,
The cruel behavior sickened the onlookers.,The onlookers were sickened by the cruel behavior.,sicken,,
The teacher overheard a conversation.  ,The conversation was overheard by the teacher.,overhear,,
The detective overheard a secret.  ,The secret was overheard by the detective.,overhear,,
The journalist overheard the discussion.  ,The discussion was overheard by the journalist.,overhear,,
The child overheard the adults.  ,The adults were overheard by the child.,overhear,,
The neighbor overheard the commotion.  ,The commotion was overheard by the neighbor.,overhear,,
The friend overheard the argument.  ,The argument was overheard by the friend.,overhear,,
The student overheard the announcement.  ,The announcement was overheard by the student.,overhear,,
The chef overheard the customer's request.  ,The customer's request was overheard by the chef.,overhear,,
The librarian overheard the questions.  ,The questions were overheard by the librarian.,overhear,,
The soldier stabbed the enemy.,The enemy was stabbed by the soldier.,stab,,
A thief stabbed the victim.,The victim was stabbed by a thief.,stab,,
The chef stabbed the fish.,The fish was stabbed by the chef.,stab,,
The assassin stabbed the target.,The target was stabbed by the assassin.,stab,,
The attacker stabbed the defender.,The defender was stabbed by the attacker.,stab,,
The enemy stabbed the hero.,The hero was stabbed by the enemy.,stab,,
The warrior stabbed the beast.,The beast was stabbed by the warrior.,stab,,
The chef foamed the milk.  ,The milk was frothed by the chef.,foam,,
The scientist foamed the liquid.  ,The liquid was foamed by the scientist.,foam,,
The friends foamed the cream.,The cream was foamed by the friends.,foam,,
The barista foamed the coffee.  ,The coffee was fomed by the barista.,foam,,
The child foamed the soap.,The soap was foamed by the child.,foam,,
The committee executed the plan.  ,The plan was executed by the committee.,execute,,
The judge executed the sentence.  ,The sentence was executed by the judge.,execute,,
The artist executed the sculpture.  ,The sculpture was executed by the artist.,execute,,
The team executed the strategy.  ,The strategy was executed by the team.,execute,,
The manager executed the project.  ,The project was executed by the manager.,execute,,
The chef executed the recipe.  ,The recipe was executed by the chef.,execute,,
The programmer executed the code.  ,The code was executed by the programmer.,execute,,
The director executed the vision.  ,The vision was executed by the director.,execute,,
The soldiers executed the mission.  ,The mission was executed by the soldiers.,execute,,
The builder executed the design.  ,The design was executed by the builder.,execute,,
A child watched a movie.,The movie was watched by a child.,watch,,
The teacher watched the students.,The students were watched by the teacher.,watch,,
The couple watched the fireworks.,The fireworks were watched by the couple.,watch,,
The dog watched the squirrel.,The squirrel was watched by the dog.,watch,,
The group watched a play.,The play was watched by the group.,watch,,
The audience watched the performance.,The performance was watched by the audience.,watch,,
The teacher ignored the student's question.,The student's question was ignored by the teacher.,ignore,,
The dog ignored the ball.,The ball was ignored by the dog.,ignore,,
The crowd ignored the protest signs.,The protest signs were ignored by the crowd.,ignore,,
The cat ignored its reflection.,The reflection was ignored by the cat.,ignore,,
The manager ignored the complaints.,The complaints were ignored by the manager.,ignore,,
The children ignored the warning.,The warning was ignored by the children.,ignore,,
The audience ignored the speaker.,The speaker was ignored by the audience.,ignore,,
The driver ignored the traffic signals.,The traffic signals were ignored by the driver.,ignore,,
The artist ignored the critic's review.,The critic's review was ignored by the artist.,ignore,,
The prince courted the princess.,The princess was courted by the prince.,court,,
The gentleman courted a woman.,The woman was courted by the gentleman.,court,,
The artist courted public attention.,The public attention was courted by the artist.,court,,
The lawyer courted the favor of the judge.,The favor of the judge was courted by the lawyer.,court,,
The suitor courted the young heiress.,The young heiress was courted by the suitor.,court,,
The writer courted controversy.,The controversy was courted by the writer.,court,,
The team courted danger.,The danger was courted by the team.,court,,
The politician courted votes.,Votes were courted by the politician.,court,,
The actor courted the media's interest.,The media's interest was courted by the actor.,court,,
The stylist groomed the dog.,The dog was groomed by the stylist.,groom,,
The farmer groomed the horses.,The horses were groomed by the farmer.,groom,,
The zookeeper groomed the lion.,The lion was groomed by the zookeeper.,groom,,
The artist groomed the canvas.,The canvas was groomed by the artist.,groom,,
The trainer groomed the athlete.,The athlete was groomed by the trainer.,groom,,
A friend groomed the garden.,The garden was groomed by a friend.,groom,,
The caretaker groomed the plants.,The plants were groomed by the caretaker.,groom,,
The owner groomed the cat.,The cat was groomed by the owner.,groom,,
The player dribbled the basketball.,The basketball was dribbled by the player.,dribble,,
The child dribbled the soccer ball.,The soccer ball was dribbled by the child.,dribble,,
The athlete dribbled the tennis ball.,The tennis ball was dribbled by the athlete.,dribble,,
The coach dribbled the water bottle.,The water bottle was dribbled by the coach.,dribble,,
The robot dribbled the rubber ball.,The rubber ball was dribbled by the robot.,dribble,,
The magician impressed the audience.  ,The audience was impressed by the magician.,impress,,
The teacher impressed the students.  ,The students were impressed by the teacher.,impress,,
The artist impressed the critics.  ,The critics were impressed by the artist.,impress,,
The speech impressed the crowd.  ,The crowd was impressed by the speech.,impress,,
The painting impressed the gallery owner.  ,The gallery owner was impressed by the painting.,impress,,
The athlete impressed the coaches.  ,The coaches were impressed by the athlete.,impress,,
The presentation impressed the judges.  ,The judges were impressed by the presentation.,impress,,
The movie impressed the film critics.  ,The film critics were impressed by the movie.,impress,,
The gesture impressed the guests.  ,The guests were impressed by the gesture.,impress,,
The teacher helped the students.,The students were helped by the teacher.,help,,
A friend helped the neighbor.,The neighbor was helped by a friend.,help,,
The volunteers helped the community.,The community was helped by the volunteers.,help,,
A mechanic helped the driver.,The driver was helped by a mechanic.,help,,
The coach helped the team.,The team was helped by the coach.,help,,
The guide helped the tourists.,The tourists were helped by the guide.,help,,
An expert helped the company.,The company was helped by an expert.,help,,
The doctor helped the patient.,The patient was helped by the doctor.,help,,
The parent helped the child.,The child was helped by the parent.,help,,
The thunder scared the children.,The children were scared by the thunder.,scare,,
A movie scared the audience.,The audience was scared by a movie.,scare,,
The storm scared the dog.,The dog was scared by the storm.,scare,,
The clown scared the kids.,The kids were scared by the clown.,scare,,
A loud noise scared the cat.,The cat was scared by a loud noise.,scare,,
The ghost scared the visitors.,The visitors were scared by the ghost.,scare,,
The roller coaster scared the riders.,The riders were scared by the roller coaster.,scare,,
A sudden movement scared the bird.,The bird was scared by a sudden movement.,scare,,
The haunted house scared the guests.,The guests were scared by the haunted house.,scare,,
The dark alley scared the tourists.,The tourists were scared by the dark alley.,scare,,
The child adored the puppy.,The puppy was adored by the child.,adore,,
The teacher adored her students.,The students were adored by the teacher.,adore,,
The couple adored their new home.,The new home was adored by the couple.,adore,,
The mother adored her baby.,The baby was adored by the mother.,adore,,
The critic adored the film.,The film was adored by the critic.,adore,,
The family adored the holiday.,The holiday was adored by the family.,adore,,
The friend adored the surprise party.,The surprise party was adored by the friend.,adore,,
The singer adored the applause.,The applause was adored by the singer.,adore,,
The gardener adored the flowers.,The flowers were adored by the gardener.,adore,,
The loud noise disturbed the meeting.,The meeting was disturbed by the loud noise.,disturb,,
The cat disturbed the sleeping dog.,The sleeping dog was disturbed by the cat.,disturb,,
The storm disturbed the quiet night.,The quiet night was disturbed by the storm.,disturb,,
The child disturbed the classroom.,The classroom was disturbed by the child.,disturb,,
The ringing phone disturbed the movie.,The movie was disturbed by the ringing phone.,disturb,,
The construction work disturbed the neighbors.,The neighbors were disturbed by the construction work.,disturb,,
The sudden movement disturbed the birds.,The birds were disturbed by the sudden movement.,disturb,,
The announcement disturbed everyone's focus.,The focus was disturbed by the announcement.,disturb,,
The unexpected visit disturbed the preparations.,The preparations were disturbed by the unexpected visit.,disturb,,
The prank disturbed the peaceful gathering.,The peaceful gathering was disturbed by the prank.,disturb,,
The child remembered the song.,The song was remembered by the child.,remember,,
The teacher remembered the lesson.,The lesson was remembered by the teacher.,remember,,
The woman remembered the meeting.,The meeting was remembered by the woman.,remember,,
The athlete remembered the training.,The training was remembered by the athlete.,remember,,
The architect remembered the design.,The design was remembered by the architect.,remember,,
The author remembered the plot.,The plot was remembered by the author.,remember,,
The chef remembered the recipe.,The recipe was remembered by the chef.,remember,,
The student remembered the assignment.,The assignment was remembered by the student.,remember,,
The parent remembered the birthday.,The birthday was remembered by the parent.,remember,,
The historian remembered the event.,The event was remembered by the historian.,remember,,
The cat cuddled the blanket.,The blanket was cuddled by the cat.,cuddle,,
The child cuddled the teddy bear.,The teddy bear was cuddled by the child.,cuddle,,
The dog cuddled the owner.,The owner was cuddled by the dog.,cuddle,,
The rabbit cuddled the carrot.,The carrot was cuddled by the rabbit.,cuddle,,
The kitten cuddled the puppy.,The puppy was cuddled by the kitten.,cuddle,,
The girl cuddled her doll.,The doll was cuddled by the girl.,cuddle,,
The boy cuddled the pillow.,The pillow was cuddled by the boy.,cuddle,,
The friends cuddled a baby.,The baby was cuddled by the friends.,cuddle,,
The grandmother cuddled her grandchild.,The grandchild was cuddled by the grandmother.,cuddle,,
The storm worried the townspeople.  ,The townspeople were worried by the storm.,worry,,
The news worried the parents.  ,The parents were worried by the news.,worry,,
The deadline worried the students.  ,The students were worried by the deadline.,worry,,
The performance worried the director.  ,The director was worried by the performance.,worry,,
The situation worried the committee.  ,The committee was worried by the situation.,worry,,
The uncertainty worried the investors.  ,The investors were worried by the uncertainty.,worry,,
The test results worried the teacher.  ,The teacher was worried by the test results.,worry,,
The incident worried the community.  ,The community was worried by the incident.,worry,,
The report worried the officials.  ,The officials were worried by the report.,worry,,
The forecast worried the farmers.  ,The farmers were worried by the forecast.,worry,,
The mother calmed the baby.  ,The baby was calmed by the mother.,calm,,
The teacher calmed the students.  ,The students were calmed by the teacher.,calm,,
The therapist calmed the anxious patient.  ,The anxious patient was calmed by the therapist.,calm,,
A friend calmed the upset dog.  ,The upset dog was calmed by a friend.,calm,,
The music calmed the crowd.  ,The crowd was calmed by the music.,calm,,
The coach calmed the nervous player.  ,The nervous player was calmed by the coach.,calm,,
The rain calmed the noisy environment.  ,The noisy environment was calmed by the rain.,calm,,
The book calmed the restless mind.  ,The restless mind was calmed by the book.,calm,,
The counselor calmed the troubled teen.  ,The troubled teen was calmed by the counselor.,calm,,
The aroma calmed the stressed chef.  ,The stressed chef was calmed by the aroma.,calm,,
The meeting took three hours.,Three hours were taken by the meeting.,"take (i.e., carry on for a certiain length of time)",,
The journey took a day.,A day was taken by the journey.,"take (i.e., carry on for a certiain length of time)",,
The hike took five hours.,Five hours were taken by the hike.,"take (i.e., carry on for a certiain length of time)",,
The speech took ten minutes.,Ten minutes were taken by the speech.,"take (i.e., carry on for a certiain length of time)",,
The deliberation took three days.,Three days were taken by the deliberation.,"take (i.e., carry on for a certiain length of time)",,
The story fascinated the children.,The children were fascinated by the story.,fascinate,,
The magician fascinated the audience.,The audience was fascinated by the magician.,fascinate,,
The documentary fascinated the scientist.,The scientist was fascinated by the documentary.,fascinate,,
The painting fascinated the art critic.,The art critic was fascinated by the painting.,fascinate,,
The new gadget fascinated the engineers.,The engineers were fascinated by the new gadget.,fascinate,,
The lecture fascinated the students.,The students were fascinated by the lecture.,fascinate,,
The history book fascinated the reader.,The reader was fascinated by the history book.,fascinate,,
The performance fascinated the crowd.,The crowd was fascinated by the performance.,fascinate,,
The experiment fascinated the researchers.,The researchers were fascinated by the experiment.,fascinate,,
The puzzle fascinated the mathematician.,The mathematician was fascinated by the puzzle.,fascinate,,
The washing machine shrank the sweater.,The sweater was shrunk by the washing machine.,shrink,,
The machine shrank the sample,The sample was shrunk by the machine.,shrink,,
The dryer shrank the fabric.,The fabric was shrunk by the dryer.,shrink,,
The technician shrank the picture.,The picture was shrunk by the technician.,shrink,,
The heat shrank the plastic.,The plastic was shrunk by the heat.,shrink,,
,,,,
,,,,
,,,,
,,,,
,,,,
The child abandoned the toy.  ,The toy was abandoned by the child.,abandon,,
The team abandoned their plans.  ,The plans were abandoned by the team.,abandon,,
The owner abandoned the house.  ,The house was abandoned by the owner.,abandon,,
The soldier abandoned the mission.  ,The mission was abandoned by the soldier.,abandon,,
The cat abandoned its kittens.  ,The kittens were abandoned by the cat.,abandon,,
The artist abandoned the painting.  ,The painting was abandoned by the artist.,abandon,,
The hikers abandoned the trail.  ,The trail was abandoned by the hikers.,abandon,,
The dog abandoned the chase.  ,The chase was abandoned by the dog.,abandon,,
The workers abandoned the project.  ,The project was abandoned by the workers.,abandon,,
The family abandoned their vehicle.  ,The vehicle was abandoned by the family.,abandon,,
The scientist observed the behavior.,The behavior was observed by the scientist.,observe,,
The children observed the butterflies.,The butterflies were observed by the children.,observe,,
The teacher observed the students.,The students were observed by the teacher.,observe,,
The photographer observed the sunrise.,The sunrise was observed by the photographer.,observe,,
The detective observed the scene.,The scene was observed by the detective.,observe,,
The audience observed the performance.,The performance was observed by the audience.,observe,,
The researcher observed the data.,The data was observed by the researcher.,observe,,
The gardener observed the plants.,The plants were observed by the gardener.,observe,,
The coach observed the players.,The players were observed by the coach.,observe,,
The doctor observed the symptoms.,The symptoms were observed by the doctor.,observe,,
The teacher called the students.,The students were called by the teacher.,call,,
A friend called the doctor.,The doctor was called by a friend.,call,,
The manager called a meeting.,The meeting was called by the manager.,call,,
The child called the dog.,The dog was called by the child.,call,,
The assistant called the client.,The client was called by the assistant.,call,,
The team called a timeout.,The timeout was called by the team.,call,,
The coach called the play.,The play was called by the coach.,call,,
The loud noise bothered the neighbor.,The neighbor was bothered by the loud noise.,bother,,
The dog bothered the cat.,The cat was bothered by the dog.,bother,,
An opinion bothered the committee.,The committee was bothered by an opinion.,bother,,
The rain bothered the campers.,The campers were bothered by the rain.,bother,,
The delay bothered the passengers.,The passengers were bothered by the delay.,bother,,
The question bothered the student.,The student was bothered by the question.,bother,,
The comment bothered the speaker.,The speaker was bothered by the comment.,bother,,
The smell bothered the diners.,The diners were bothered by the smell.,bother,,
The incident bothered the witnesses.,The witnesses were bothered by the incident.,bother,,
A rumor bothered the community.,The community was bothered by a rumor.,bother,,
The guide led the group.,The group was led by the guide.,lead,,
The teacher led the discussion.,The discussion was led by the teacher.,lead,,
The politician led the campaign.,The campaign was led by the politician.,lead,,
The manager led the meeting.,The meeting was led by the manager.,lead,,
The coach led the team.,The team was led by the coach.,lead,,
The conductor led the orchestra.,The orchestra was led by the conductor.,lead,,
The artist led the workshop.,The workshop was led by the artist.,lead,,
The parent led the children.,The children were led by the parent.,lead,,
The officer led the patrol.,The patrol was led by the officer.,lead,,
The scientist led the research.,The research was led by the scientist.,lead,,
The athlete sweated during the marathon.,The marathon was sweated through by the athlete.,sweat,,
The worker sweated in the hot sun.,The hot sun was sweated in by the worker.,sweat,,
The child sweated after playing basketball.,The child was sweated after playing basketball.,sweat,,
The runner sweated on the track.,The track was sweated on by the runner.,sweat,,
The team sweated through the intense practice.,The intense practice was sweated through by the team.,sweat,,
The dancers sweated during the performance.,The performance was sweated through by the dancers.,sweat,,
The chef sweated over the hot stove.,The hot stove was sweated over by the chef.,sweat,,
The hiker sweated on the steep trail.,The steep trail was sweated on by the hiker.,sweat,,
The soldier sweated during the training exercise.,The training exercise was sweated through by the soldier.,sweat,,
The magician wowed the audience.,The audience was wowed by the magician.,wow,,
The performance wowed the spectators.,The spectators were wowed by the performance.,wow,,
The fireworks wowed the crowd.,The crowd was wowed by the fireworks.,wow,,
The presentation wowed the judges.,The judges were wowed by the presentation.,wow,,
The painting wowed the visitors.,The visitors were wowed by the painting.,wow,,
The athlete wowed the fans.,The fans were wowed by the athlete.,wow,,
The news wowed the listeners.,The listeners were wowed by the news.,wow,,
The stunt wowed the onlookers.,The onlookers were wowed by the stunt.,wow,,
The movie wowed the critics.,The critics were wowed by the movie.,wow,,
The concert wowed the attendees.,The attendees were wowed by the concert.,wow,,
The movie disgusted the audience.  ,The audience was disgusted by the movie.,disgust,,
The smell disgusted the children.  ,The children were disgusted by the smell.,disgust,,
The news disgusted the viewers.  ,The viewers were disgusted by the news.,disgust,,
The behavior disgusted the guests.  ,The guests were disgusted by the behavior.,disgust,,
The meal disgusted the critics.  ,The critics were disgusted by the meal.,disgust,,
The incident disgusted the staff.  ,The staff was disgusted by the incident.,disgust,,
The article disgusted the readers.  ,The readers were disgusted by the article.,disgust,,
The presentation disgusted the participants.  ,The participants were disgusted by the presentation.,disgust,,
The picture disgusted the tourists.  ,The tourists were disgusted by the picture.,disgust,,
The comment disgusted the volunteers.  ,The volunteers were disgusted by the comment.,disgust,,
The news saddened the entire community.  ,The entire community was saddened by the news.,sadden,,
The event saddened many attendees.  ,The event was saddened by many attendees.,sadden,,
The movie saddened the viewers.  ,The viewers were saddened by the movie.,sadden,,
The song saddened the listeners.  ,The listeners were saddened by the song.,sadden,,
The announcement saddened the children.  ,The children were saddened by the announcement.,sadden,,
The letter saddened the family.  ,The family was saddened by the letter.,sadden,,
The discussion saddened the group.  ,The group was saddened by the discussion.,sadden,,
The photograph saddened the old man.  ,The old man was saddened by the photograph.,sadden,,
The reminder saddened the team.,The team was saddened by the reminder.,sadden,,
The team eliminated the competition.,The competition was eliminated by the team.,eliminate,,
The doctor eliminated the infection.,The infection was eliminated by the doctor.,eliminate,,
The committee eliminated unnecessary expenses.,The unnecessary expenses were eliminated by the committee.,eliminate,,
The program eliminated old files.,The old files were eliminated by the program.,eliminate,,
The student eliminated distractions.,The distractions were eliminated by the student.,eliminate,,
The manager eliminated redundant steps.,The redundant steps were eliminated by the manager.,eliminate,,
The study eliminated doubts about the hypothesis.,The doubts about the hypothesis were eliminated by the study.,eliminate,,
The review eliminated errors in the report.,The errors in the report were eliminated by the review.,eliminate,,
The process eliminated outdated practices.,The outdated practices were eliminated by the process.,eliminate,,
The workshop eliminated barriers to understanding.,The barriers to understanding were eliminated by the workshop.,eliminate,,
The teacher warned the students.,The students were warned by the teacher.,warn,,
A friend warned the neighbor.,The neighbor was warned by a friend.,warn,,
The sign warned drivers.,The drivers were warned by the sign.,warn,,
The weather report warned everyone.,The weather report was warned about by everyone.,warn,,
An expert warned the community.,The community was warned by an expert.,warn,,
The coach warned the players.,The players were warned by the coach.,warn,,
The article warned the public.,The public was warned by the article.,warn,,
The parents warned the children.,The children were warned by the parents.,warn,,
The video warned viewers.,The viewers were warned by the video.,warn,,
The doctor warned his patient.,The patient was warned by the doctor.,warn,,
The committee ended the meeting.,The meeting was ended by the committee.,end,,
The movie ended the series.,The series was ended by the movie.,end,,
The storm ended the picnic.,The picnic was ended by the storm.,end,,
The teacher ended the lesson.,The lesson was ended by the teacher.,end,,
The artist ended the performance.,The performance was ended by the artist.,end,,
The manager ended the contract.,The contract was ended by the manager.,end,,
The author ended the book.,The book was ended by the author.,end,,
The speaker ended the presentation.,The presentation was ended by the speaker.,end,,
The team ended the game.,The game was ended by the team.,end,,
The executive ended the discussion.,The discussion was ended by the executive.,end,,
The teacher embarrassed the student.  ,The student was embarrassed by the teacher.,embarass,,
The comedian embarrassed the audience.  ,The audience was embarrassed by the comedian.,embarass,,
The incident embarrassed the organization.   ,The organization was embarrassed by the incident.,embarass,,
The rumor embarrassed the politician.  ,The politician was embarrassed by the rumor.,embarass,,
The photograph embarrassed the couple.  ,The couple was embarrassed by the photograph.,embarass,,
The question embarrassed the speaker.  ,The speaker was embarrassed by the question.,embarass,,
The article embarrassed the journalist.  ,The journalist was embarrassed by the article.,embarass,,
The mistake embarrassed the employee.  ,The employee was embarrassed by the mistake.,embarass,,
The comment embarrassed the guest.  ,The guest was embarrassed by the comment.,embarass,,
The event embarrassed the host.  ,The host was embarrassed by the event.,embarass,,
The traveler glimpsed the sunrise.  ,The sunrise was glimpsed by the traveler.,glimpse,,
A child glimpsed the elephant.  ,The elephant was glimpsed by a child.,glimpse,,
The hiker glimpsed the mountain.  ,The mountain was glimpsed by the hiker.,glimpse,,
A student glimpsed the answer.  ,The answer was glimpsed by a student.,glimpse,,
The passerby glimpsed the painting.  ,The painting was glimpsed by the passerby.,glimpse,,
The dog followed the runner.  ,The runner was followed by the dog.,follow,,
The children followed their teacher.  ,The teacher was followed by the children.,follow,,
The cat followed the butterfly.  ,The butterfly was followed by the cat.,follow,,
The detective followed the suspect.  ,The suspect was followed by the detective.,follow,,
The tourists followed the guide.  ,The guide was followed by the tourists.,follow,,
The birds followed the plane.  ,The plane was followed by the birds.,follow,,
The crowd followed the parade.  ,The parade was followed by the crowd.,follow,,
The athlete followed the coach.  ,The coach was followed by the athlete.,follow,,
The student followed the instruction.  ,The instruction was followed by the student.,follow,,
The friends followed the map.  ,The map was followed by the friends.,follow,,
The officer escorted the suspect.,The suspect was escorted by the officer.,escort,,
A student escorted a visitor.,The visitor was escorted by a student.,escort,,
The guide escorted the tourists.,The tourists were escorted by the guide.,escort,,
The manager escorted the client.,The client was escorted by the manager.,escort,,
The soldier escorted the dignitary.,The dignitary was escorted by the soldier.,escort,,
The volunteer escorted the children.,The children were escorted by the volunteer.,escort,,
A parent escorted the group.,The group was escorted by a parent.,escort,,
The usher escorted the guests.,The guests were escorted by the usher.,escort,,
The assistant escorted the professor.,The professor was escorted by the assistant.,escort,,
The doctor examined the patient.,The patient was examined by the doctor.,examine,,
The teacher examined the exam papers.,The exam papers were examined by the teacher.,examine,,
The scientist examined the samples.,The samples were examined by the scientist.,examine,,
The inspector examined the building.,The building was examined by the inspector.,examine,,
The researcher examined the data.,The data was examined by the researcher.,examine,,
The mechanic examined the engine.,The engine was examined by the mechanic.,examine,,
The biologist examined the organisms.,The organisms were examined by the biologist.,examine,,
The editor examined the manuscript.,The manuscript was examined by the editor.,examine,,
The curator examined the artwork.,The artwork was examined by the curator.,examine,,
The detective examined the evidence.,The evidence was examined by the detective.,examine,,
The teacher encouraged the student.,The student was encouraged by the teacher.,encourage,,
The coach encouraged the team.,The team was encouraged by the coach.,encourage,,
The parent encouraged the child.,The child was encouraged by the parent.,encourage,,
The friend encouraged the artist.,The artist was encouraged by the friend.,encourage,,
The mentor encouraged the writer.,The writer was encouraged by the mentor.,encourage,,
The speaker encouraged the audience.,The audience was encouraged by the speaker.,encourage,,
The boss encouraged the employee.,The employee was encouraged by the boss.,encourage,,
The doctor encouraged the patient.,The patient was encouraged by the doctor.,encourage,,
The organization encouraged the volunteers.,The volunteers were encouraged by the organization.,encourage,,
The leader encouraged the community.,The community was encouraged by the leader.,encourage,,
The car raced the motorcycle.,The motorcycle was raced by the car.,race,,
The athlete raced the sprinter.,The sprinter was raced by the athlete.,race,,
The horse raced the greyhound.,The greyhound was raced by the horse.,race,,
The child raced the toy car.,The toy car was raced by the child.,race,,
The team raced the opponent.,The opponent was raced by the team.,race,,
The cyclist raced the runner.,The runner was raced by the cyclist.,race,,
The boat raced the yacht.,The yacht was raced by the boat.,race,,
The drone raced the airplane.,The airplane was raced by the drone.,race,,
The dog raced the rabbit.,The rabbit was raced by the dog.,race,,
The engineer raced the robot.,The robot was raced by the engineer.,race,,
The movie horrified the audience.,The audience was horrified by the movie.,horrify,,
The news horrified the family.,The family was horrified by the news.,horrify,,
The story horrified the children.,The children were horrified by the story.,horrify,,
The accident horrified the witnesses.,The witnesses were horrified by the accident.,horrify,,
The documentary horrified the viewers.,The viewers were horrified by the documentary.,horrify,,
The image horrified the artist.,The artist was horrified by the image.,horrify,,
The report horrified the community.,The community was horrified by the report.,horrify,,
The lecture horrified the students.,The students were horrified by the lecture.,horrify,,
The experience horrified the travelers.,The travelers were horrified by the experience.,horrify,,
The book horrified the critics.,The critics were horrified by the book.,horrify,,
The children heard the music.,The music was heard by the children.,hear,,
The audience heard the speech.,The speech was heard by the audience.,hear,,
The teacher heard the question.,The question was heard by the teacher.,hear,,
The dog heard the noise.,The noise was heard by the dog.,hear,,
The students heard the announcement.,The announcement was heard by the students.,hear,,
The neighbors heard the commotion.,The commotion was heard by the neighbors.,hear,,
The athlete heard the cheers.,The cheers were heard by the athlete.,hear,,
The woman heard the laughter.,The laughter was heard by the woman.,hear,,
The detective heard the truth.,The truth was heard by the detective.,hear,,
The chef heard the timer.,The timer was heard by the chef.,hear,,
The friend comforted the child.,The child was comforted by the friend.,comfort,,
A mother comforted her daughter.,The daughter was comforted by her mother.,comfort,,
The therapist comforted the patient.,The patient was comforted by the therapist.,comfort,,
The teacher comforted the student.,The student was comforted by the teacher.,comfort,,
The dog comforted its owner.,The owner was comforted by the dog.,comfort,,
A neighbor comforted the grieving family.,The grieving family was comforted by a neighbor.,comfort,,
The singer comforted the audience.,The audience was comforted by the singer.,comfort,,
The blanket comforted the cold traveler.,The cold traveler was comforted by the blanket.,comfort,,
The counselor comforted the upset teen.,The upset teen was comforted by the counselor.,comfort,,